Name,PPG,AST,BLK,TO,STL,REB,OREB,DREB,GP,GS,MPG,FGA,FG,FG%,3PA,3P,3P%,FTA,FT,FT%,2PA,2P,2P%,EFG%,Salary
Stephen Curry,23.1,6.8,0.2,3.2,1.8,4.4,0.7,3.7,625,619,34.4,16.8,8,0.477,7.8,3.4,0.436,4,3.6,0.903,9,4.6,0.513,0.579,37457154
Chris Paul,18.7,9.8,0.1,2.4,2.3,4.5,0.7,3.8,892,892,35.3,13.9,6.6,0.472,3.4,1.3,0.372,4.9,4.3,0.868,10.5,5.3,0.505,0.518,35654150
LeBron James,27.2,7.2,0.8,3.5,1.6,7.4,1.2,6.1,1143,1142,38.8,19.6,9.9,0.504,4.1,1.4,0.344,8.1,6,0.739,15.5,8.5,0.547,0.54,35654150
Russell Westbrook,23,8.2,0.3,4,1.7,6.6,1.7,4.9,748,731,34.4,18.4,8,0.435,3.5,1.1,0.311,7.2,5.9,0.814,15,6.9,0.464,0.464,35350000
Blake Griffin,21.5,4.3,0.5,2.5,0.9,9.2,2.3,6.9,529,529,35,16.1,8.2,0.508,1.1,0.4,0.324,6.9,4.7,0.683,15,7.8,0.522,0.519,31873932
Gordon Hayward,15.6,3.4,0.4,2,1,4.2,0.7,3.4,517,409,31.3,11.9,5.3,0.444,3.6,1.3,0.368,4.6,3.8,0.82,8.2,3.9,0.478,0.5,31214295
Kyle Lowry,14.4,5.9,0.3,2.2,1.3,4.2,0.8,3.4,791,555,31.1,10.9,4.6,0.425,4.7,1.7,0.37,4.3,3.4,0.803,6.2,2.9,0.466,0.504,31000000
Paul George,18.6,3.2,0.4,2.6,1.7,6.2,0.9,5.3,527,479,33.4,14.7,6.4,0.432,5.8,2.2,0.376,4.5,3.8,0.844,9,4.2,0.468,0.506,30560700
Mike Conley,14.3,5.7,0.2,2,1.5,2.9,0.4,2.5,718,688,32.5,11.6,5.1,0.441,3.4,1.3,0.377,3.3,2.7,0.814,8.2,3.8,0.468,0.497,30521115
James Harden,23,6.1,0.5,3.5,1.5,5.1,0.8,4.3,687,474,33.8,15.3,6.8,0.443,6.6,2.4,0.364,8.3,7.1,0.854,8.7,4.4,0.503,0.522,30431854
Kevin Durant,27.1,3.9,1.1,3.1,1.2,7.1,0.8,6.4,771,771,37.1,18.8,9.2,0.49,4.8,1.9,0.384,7.8,6.9,0.882,13.9,7.3,0.527,0.539,30000000
Paul Millsap,14.2,2.3,1,1.8,1.3,7.4,2.3,5.2,875,596,29.5,10.9,5.4,0.491,1.3,0.4,0.33,4.2,3.1,0.734,9.6,4.9,0.513,0.511,29730769
Al Horford,14.2,3.2,1.2,1.6,0.8,8.6,2.2,6.4,718,714,33.2,11.4,6,0.525,1.1,0.4,0.37,2.4,1.8,0.75,10.3,5.6,0.541,0.542,28928710
Damian Lillard,23.1,6.2,0.3,2.8,0.9,4.1,0.6,3.5,469,469,36.4,17.8,7.7,0.432,7.3,2.7,0.368,5.7,5.1,0.884,10.4,5,0.477,0.508,27977689
DeMar DeRozan,19.7,3.1,0.3,2,1,4.1,0.8,3.3,675,663,34.1,15.6,7,0.448,1.7,0.5,0.289,6.3,5.2,0.827,13.9,6.5,0.467,0.463,27739975
Chris Bosh,19.2,2,1,2,0.8,8.5,2.2,6.3,893,881,35.8,14.1,7,0.494,1,0.3,0.335,6.3,5,0.799,13.1,6.6,0.506,0.506,26837720
Jrue Holiday,14.9,6.2,0.4,2.7,1.5,3.7,0.8,2.9,585,512,32.8,13.2,5.9,0.45,3.3,1.2,0.36,2.4,1.9,0.788,9.9,4.7,0.479,0.494,26131111
Otto Porter,10.5,1.4,0.4,0.7,1.1,4.9,1.2,3.7,343,243,26.4,8.4,4.1,0.487,3,1.2,0.404,1.4,1.1,0.789,5.4,2.9,0.534,0.561,26011913
CJ McCollum,17.2,2.9,0.3,1.8,0.9,3,0.5,2.4,341,244,29.2,14.4,6.5,0.454,4.7,1.9,0.408,2.6,2.2,0.842,9.7,4.6,0.476,0.521,25759766
Carmelo Anthony,24.1,3,0.5,2.7,1,6.5,1.7,4.8,1054,1054,35.9,19.2,8.6,0.449,3.7,1.3,0.347,6.9,5.6,0.812,15.5,7.4,0.473,0.482,25599488
Nikola Jokic,14.9,4.4,0.7,2.1,1,9.1,2.6,6.5,228,187,27.3,10.8,5.7,0.53,2.2,0.8,0.366,3.2,2.7,0.832,8.6,4.9,0.572,0.567,25467250
Bradley Beal,18.7,3.4,0.3,2,1.1,3.7,0.8,3,406,372,33.9,15.5,6.9,0.446,5.4,2.1,0.393,3.4,2.7,0.795,10.1,4.8,0.474,0.514,25434263
Anthony Davis,23.4,1.9,2.4,1.8,1.3,10.3,2.5,7.8,410,405,34.8,17.1,8.8,0.517,1.1,0.3,0.309,6.8,5.4,0.795,16,8.5,0.531,0.527,25434263
Andre Drummond,13.6,1.1,1.5,1.7,1.3,13.4,4.7,8.7,463,413,30.4,10.6,5.8,0.545,0.1,0,0.167,4.7,2,0.421,10.6,5.8,0.547,0.545,25434263
Hassan Whiteside,13.6,0.5,2.4,1.6,0.6,11.4,3.2,8.2,271,206,26.8,9.8,5.6,0.575,0,0,1,3.8,2.4,0.627,9.8,5.6,0.575,0.575,25434263
Andrew Wiggins,19.7,2.1,0.5,2.1,1,4.1,1.3,2.8,327,327,36.2,16.2,7.2,0.447,2.9,1,0.33,5.8,4.3,0.741,13.3,6.3,0.472,0.476,25250000
Joel Embiid,22,2.8,2,3.7,0.7,9.9,2.2,7.8,94,94,28.7,15.8,7.6,0.478,3.3,1.1,0.327,7.6,5.9,0.774,12.5,6.5,0.518,0.512,25250000
Steven Adams,8.8,0.9,1,1.4,0.8,6.9,3.2,3.8,387,323,25.5,6.1,3.6,0.586,0,0,0,2.8,1.6,0.567,6.1,3.6,0.587,0.586,24157303
Giannis Antetokounmpo,17.2,3.8,1.3,2.4,1.2,7.5,1.5,6,393,328,32.7,12.4,6.3,0.506,1.5,0.4,0.284,5.6,4.2,0.746,10.9,5.8,0.537,0.524,24157303
Kevin Love,18.3,2.3,0.5,1.9,0.7,11.3,3,8.3,635,553,32.2,13.6,6.1,0.444,4.4,1.6,0.37,5.6,4.6,0.824,9.3,4.4,0.478,0.503,24119025
Marc Gasol,15.2,3.3,1.5,2.1,0.9,7.7,1.8,5.9,716,709,33.7,11.6,5.6,0.487,0.9,0.3,0.344,4.6,3.6,0.779,10.7,5.3,0.499,0.5,24119025
Chandler Parsons,13.1,2.8,0.4,1.5,0.9,4.6,0.9,3.8,410,366,31,10.8,5,0.466,4.2,1.6,0.377,2.1,1.5,0.708,6.5,3.4,0.524,0.54,24107258
Harrison Barnes,13.1,1.5,0.2,1.2,0.7,4.9,1,3.9,463,402,30.4,11,5,0.451,2.8,1,0.367,2.7,2.1,0.789,8.1,3.9,0.481,0.499,24107258
Nicolas Batum,12.1,3.8,0.6,1.9,1,5.3,1.1,4.2,692,639,31.6,9.9,4.3,0.434,4.6,1.6,0.355,2.2,1.9,0.839,5.3,2.7,0.502,0.516,24000000
Rudy Gobert,10,1.2,2.2,1.6,0.6,10,3.1,6.9,325,234,28,5.9,3.6,0.614,0,0,0,4.3,2.7,0.629,5.9,3.6,0.615,0.614,23491573
DeAndre Jordan,9.4,0.7,1.7,1.3,0.6,10.7,3.2,7.4,750,638,28.1,5.7,3.8,0.673,0,0,0.091,4.1,1.8,0.446,5.7,3.8,0.674,0.673,22900000
LaMarcus Aldridge,19.4,1.9,1.1,1.6,0.8,8.3,2.7,5.6,869,828,34.6,16.1,7.9,0.489,0.4,0.1,0.288,4.4,3.5,0.806,15.7,7.7,0.494,0.493,22347015
Serge Ibaka,12.1,0.7,2.2,1.3,0.4,7.2,2.2,5,679,568,28.9,9.8,5,0.512,1.7,0.6,0.367,1.9,1.4,0.761,8.1,4.4,0.542,0.543,21666667
Danilo Gallinari,15.3,2,0.4,1.3,0.8,4.7,0.8,3.9,481,411,31.2,11,4.6,0.419,4.9,1.8,0.367,4.9,4.3,0.865,6.1,2.8,0.461,0.501,21587579
Aaron Gordon,11.4,1.7,0.6,1.1,0.8,5.8,1.5,4.3,263,174,26.1,9.6,4.3,0.451,3,0.9,0.309,2.6,1.8,0.698,6.5,3.4,0.517,0.5,21000000
Victor Oladipo,17.4,3.8,0.5,2.6,1.7,4.5,0.6,3.9,366,309,33.4,14.4,6.4,0.445,4.2,1.5,0.353,3.8,3.1,0.8,10.2,4.9,0.483,0.496,21000000
Jimmy Butler,16.4,3.4,0.5,1.5,1.5,4.9,1.4,3.5,458,353,32.8,11.8,5.3,0.452,2.6,0.9,0.339,5.8,4.8,0.832,9.2,4.4,0.485,0.49,20445779
Ryan Anderson,12.8,0.9,0.3,1,0.5,5.4,2,3.4,622,281,26.4,10.4,4.4,0.423,5.5,2.1,0.382,2.2,1.9,0.855,4.8,2.3,0.471,0.525,20421546
Kawhi Leonard,16.3,2.3,0.7,1.4,1.8,6.2,1.3,4.9,407,380,30.4,12.1,6,0.495,3.4,1.3,0.386,3.7,3.1,0.846,8.7,4.7,0.537,0.549,20099189
Kyrie Irving,22,5.5,0.3,2.7,1.3,3.4,0.7,2.7,441,441,33.9,17.4,8,0.462,5.2,2,0.388,4.5,3.9,0.875,12.2,6,0.493,0.52,20099188
Jabari Parker,15.3,2,0.4,1.6,1,5.5,1.6,3.8,183,150,30.7,12.6,6.2,0.49,1.7,0.6,0.352,3.1,2.3,0.747,10.9,5.6,0.512,0.514,20000000
Zach LaVine,14,3.2,0.2,2.1,0.8,3,0.4,2.7,230,144,28.7,11.7,5.1,0.437,4,1.5,0.373,2.7,2.2,0.82,7.8,3.6,0.47,0.501,19500000
Tyler Johnson,11,2.4,0.5,1.2,0.9,3.4,0.6,2.8,213,46,26.7,9.1,4,0.439,3.3,1.2,0.371,2.3,1.8,0.777,5.9,2.8,0.477,0.505,19245370
John Wall,18.9,9.2,0.7,3.8,1.7,4.4,0.6,3.8,541,529,35.9,15.8,6.8,0.432,2.8,0.9,0.327,5.5,4.3,0.786,13.1,5.9,0.454,0.461,19169800
George Hill,11.6,3.3,0.3,1.3,0.9,3.2,0.6,2.6,666,434,28.8,9,4.1,0.453,3.3,1.2,0.383,2.7,2.1,0.8,5.8,2.8,0.493,0.523,19000000
Jeff Teague,12.7,5.7,0.3,2.3,1.2,2.5,0.3,2.1,670,535,27.6,10.1,4.5,0.447,2.5,0.9,0.357,3.3,2.8,0.844,7.7,3.6,0.476,0.491,19000000
Klay Thompson,19.2,2.3,0.5,1.7,0.9,3.4,0.4,3,537,500,32.9,15.7,7.2,0.458,6.9,2.9,0.422,2.3,1.9,0.852,8.8,4.3,0.486,0.55,18988725
Dwight Howard,17.4,1.5,2,2.9,0.9,12.7,3.5,9.1,1035,1034,34.5,10.8,6.3,0.583,0.1,0,0.095,8.5,4.8,0.566,10.7,6.3,0.585,0.583,18919725
Enes Kanter,11.7,0.7,0.5,1.6,0.4,7.3,2.8,4.5,516,185,21.9,8.8,4.8,0.539,0.2,0.1,0.294,2.7,2.1,0.779,8.6,4.7,0.545,0.543,18622514
Wesley Matthews,13.8,2.2,0.2,1.3,1.1,3.2,0.5,2.6,655,594,32.8,11.1,4.7,0.427,5.6,2.1,0.383,2.7,2.2,0.827,5.5,2.6,0.472,0.524,18622514
Joakim Noah,8.9,2.9,1.3,1.7,0.8,9.3,3.3,6,625,511,28.6,7,3.4,0.49,0,0,0,3,2.1,0.699,6.9,3.4,0.492,0.49,18530000
Allen Crabbe,9.5,1.2,0.3,0.7,0.6,2.8,0.3,2.5,301,92,24.4,7.8,3.4,0.439,4,1.6,0.397,1.3,1.1,0.849,3.7,1.8,0.485,0.542,18500000
Goran Dragic,13.7,4.8,0.2,2.3,1,3.1,0.7,2.3,722,486,28,10.8,5.1,0.469,3.1,1.1,0.364,3.2,2.5,0.762,7.8,4,0.51,0.52,18109175
Kent Bazemore,8.2,1.8,0.4,1.4,1,2.9,0.3,2.6,416,222,20,7,3,0.422,2.7,1,0.36,1.9,1.3,0.718,4.3,2,0.462,0.493,18089887
Luol Deng,15,2.3,0.5,1.6,1,6.1,1.6,4.5,880,826,34.7,12.7,5.8,0.455,2.2,0.7,0.332,3.6,2.7,0.77,10.5,5,0.481,0.484,18000000
Evan Turner,10.2,3.5,0.3,1.8,0.8,4.8,0.6,4.2,613,293,27.9,9.5,4.1,0.433,1.4,0.4,0.301,2,1.6,0.788,8.1,3.7,0.456,0.455,17868852
Draymond Green,9.3,4.6,1.1,2,1.4,6.9,1.2,5.7,467,319,27.7,7.6,3.3,0.438,2.9,0.9,0.327,2.3,1.7,0.707,4.8,2.4,0.505,0.5,17469565
Tristan Thompson,9,0.8,0.7,1.1,0.5,8.4,3.3,5.1,519,338,27.8,6.9,3.6,0.518,0,0,0,3.1,1.9,0.608,6.9,3.6,0.519,0.518,17469565
Tim Hardaway,12.1,1.7,0.2,1,0.6,2.4,0.3,2.1,338,116,25,10.2,4.3,0.425,5,1.7,0.344,2.2,1.7,0.806,5.2,2.6,0.503,0.509,17325000
Reggie Jackson,12.4,4.4,0.1,2,0.7,3,0.5,2.5,448,250,24.8,10.9,4.7,0.43,3,1,0.32,2.4,2.1,0.857,7.9,3.7,0.472,0.474,17043478
Evan Fournier,13.1,2.3,0.1,1.6,0.8,2.7,0.4,2.2,376,234,27.2,10.5,4.7,0.448,4.3,1.6,0.379,2.7,2.1,0.804,6.2,3.1,0.495,0.525,17000000
Bismack Biyombo,5,0.5,1.4,0.9,0.3,6.5,2,4.5,529,210,20.9,3.7,1.9,0.513,0,0,0,2.2,1.2,0.566,3.7,1.9,0.514,0.513,17000000
Derrick Favors,11.6,1.1,1.3,1.5,0.8,7.2,2.5,4.7,556,366,26.1,9,4.7,0.517,0.2,0,0.202,3.3,2.2,0.663,8.9,4.6,0.523,0.519,16900000
Jonas Valanciunas,11.7,0.7,1,1.5,0.4,8.5,2.6,5.9,440,434,25.5,8.2,4.6,0.558,0.2,0.1,0.397,3.1,2.4,0.785,8,4.5,0.562,0.562,16539326
Gary Harris,12.3,2.1,0.2,1.3,1.3,2.5,0.6,1.9,255,203,28.4,9.9,4.6,0.469,4.1,1.5,0.371,1.9,1.5,0.803,5.8,3.1,0.539,0.546,16517857
Andre Iguodala,12.6,4.4,0.5,2,1.5,5.2,1,4.2,1040,766,34.1,9.7,4.5,0.465,2.7,0.9,0.333,3.7,2.6,0.713,7,3.6,0.516,0.511,16000000
Timofey Mozgov,6.8,0.6,0.8,1.2,0.3,4.9,1.7,3.2,454,273,18,5.1,2.7,0.535,0.1,0,0.19,1.8,1.3,0.738,4.9,2.7,0.543,0.537,16000000
Pau Gasol,17.4,3.2,1.6,2.2,0.5,9.3,2.6,6.8,1196,1144,34,13.1,6.6,0.508,0.4,0.1,0.366,5.2,4,0.754,12.7,6.5,0.512,0.513,16000000
Ian Mahinmi,5.1,0.5,0.7,1,0.6,4.3,1.5,2.8,546,92,16.6,3.6,1.9,0.541,0,0,0,2.1,1.3,0.607,3.5,1.9,0.543,0.541,15944154
Dennis Schroder,12.9,4.8,0.1,2.4,0.8,2.5,0.4,2.1,352,161,23.7,11.3,4.9,0.434,2.8,0.9,0.32,2.6,2.2,0.827,8.5,4,0.471,0.473,15500000
Clint Capela,10.6,0.8,1.4,1.1,0.7,8.1,2.7,5.4,228,168,22.6,7.3,4.6,0.629,0,0,0,2.9,1.4,0.482,7.3,4.6,0.63,0.629,15413043
DeMarre Carroll,8.9,1.3,0.3,0.8,1,4.2,1.2,3,487,331,24,7.3,3.2,0.436,3.1,1.1,0.364,1.9,1.4,0.738,4.2,2.1,0.489,0.512,15400000
Gorgui Dieng,8.3,1.5,1.1,1.3,0.9,6.7,2.1,4.6,376,185,24.5,6.3,3.2,0.506,0.3,0.1,0.328,2.3,1.8,0.785,5.9,3.1,0.517,0.515,15170787
Trevor Ariza,10.5,2.1,0.3,1.4,1.5,4.8,1,3.8,942,641,29.5,8.9,3.8,0.424,4,1.4,0.353,2.2,1.6,0.723,5,2.4,0.481,0.503,15000000
Eric Bledsoe,13.8,4.7,0.5,2.7,1.5,3.8,0.8,3,492,330,27.7,10.8,4.8,0.449,2.9,1,0.337,3.9,3.1,0.799,7.8,3.9,0.491,0.495,15000000
Ricky Rubio,10.8,7.9,0.1,2.8,2,4.3,0.7,3.6,430,410,31.3,9,3.4,0.385,2.4,0.8,0.325,3.8,3.2,0.836,6.6,2.7,0.407,0.428,14975000
Tobias Harris,14.6,1.7,0.5,1.3,0.8,5.6,1,4.6,464,344,29.6,11.9,5.6,0.467,3.2,1.1,0.355,2.9,2.4,0.812,8.7,4.4,0.508,0.515,14800000
J.R. Smith,12.6,2.1,0.2,1.4,1,3.2,0.5,2.7,960,391,27.1,10.8,4.5,0.419,5.3,2,0.374,2.1,1.5,0.732,5.5,2.5,0.464,0.512,14720000
James Johnson,8,2.1,0.9,1.5,0.8,3.6,0.9,2.8,547,186,20.7,6.6,3.2,0.481,1.5,0.4,0.299,1.8,1.2,0.694,5.1,2.7,0.534,0.515,14651700
Brandon Knight,15.2,4.3,0.2,2.7,0.9,3.3,0.6,2.8,382,320,31.3,13.2,5.5,0.415,4.6,1.6,0.357,3.3,2.6,0.812,8.6,3.8,0.445,0.476,14631250
Robin Lopez,9,0.8,1.2,1.1,0.3,5.4,2.5,3,692,544,23.2,7.1,3.8,0.527,0,0,0.2,2,1.5,0.76,7.1,3.8,0.528,0.527,14357750
Marvin Williams,10.5,1.3,0.5,1,0.8,5.3,1.2,4,939,752,28.6,8.5,3.8,0.444,2.5,0.9,0.361,2.6,2.1,0.808,6,2.9,0.48,0.498,14087500
Taj Gibson,9.7,1,1.2,1.2,0.6,6.4,2.4,4.1,667,327,26.1,8,4,0.506,0.1,0,0.157,2.3,1.6,0.703,7.9,4,0.511,0.507,14000000
Thaddeus Young,13.4,1.6,0.4,1.4,1.5,5.9,2,3.9,820,590,30.7,11.6,5.8,0.499,1.3,0.4,0.326,2.1,1.4,0.675,10.3,5.4,0.521,0.517,13764045
Kenneth Faried,11.4,1,0.8,1.3,0.8,8.2,3.1,5.1,441,372,24.9,8.5,4.6,0.543,0,0,0.1,3.4,2.2,0.655,8.4,4.6,0.546,0.544,13764045
Tyson Chandler,8.6,0.9,1.2,1.5,0.6,9.4,3.2,6.2,1079,875,28.3,5.4,3.2,0.596,0,0,0,3.4,2.2,0.646,5.4,3.2,0.597,0.596,13585000
Marcin Gortat,10.2,1.1,1.1,1.2,0.5,8.1,2.2,5.9,759,544,26.3,7.9,4.4,0.552,0,0,0.15,2.2,1.5,0.678,7.9,4.3,0.553,0.552,13565218
Cody Zeller,7.9,1.3,0.7,1,0.7,5.6,1.8,3.8,312,166,22.5,5.8,2.9,0.504,0.1,0,0.25,2.8,2.1,0.732,5.8,2.9,0.506,0.505,13528090
Eric Gordon,16.7,3.1,0.3,2.1,1,2.5,0.4,2.1,561,443,33.2,13.2,5.7,0.43,5.9,2.2,0.376,3.9,3.2,0.816,7.3,3.5,0.474,0.514,13500375
Joe Ingles,7,2.8,0.1,1.3,1,2.9,0.3,2.6,324,141,23,5.6,2.5,0.447,3.6,1.5,0.416,0.6,0.5,0.761,2,1,0.501,0.579,13045455
Khris Middleton,15.1,3,0.2,1.8,1.4,4.1,0.6,3.6,378,306,31.8,12.2,5.5,0.454,3.9,1.5,0.391,2.9,2.5,0.877,8.3,4,0.484,0.517,13000000
Michael Kidd-Gilchrist,9.1,1.2,0.7,1,0.7,5.9,1.7,4.2,357,353,26.7,7.5,3.6,0.477,0.1,0,0.194,2.7,1.9,0.707,7.4,3.6,0.481,0.478,13000000
Mason Plumlee,8.6,2,1,1.5,0.8,6.3,2,4.3,389,239,22.3,5.9,3.3,0.566,0,0,0,3.4,1.9,0.565,5.9,3.3,0.57,0.566,12917808
Wilson Chandler,13.5,1.8,0.6,1.4,0.7,5.4,1.2,4.2,590,447,31.1,11.7,5.2,0.445,3.9,1.3,0.341,2.2,1.7,0.769,7.9,3.9,0.496,0.501,12800562
Solomon Hill,6.2,1.6,0.2,1,0.7,3.3,0.7,2.6,261,153,23.1,5.4,2.1,0.396,2.3,0.8,0.331,1.4,1.2,0.816,3.1,1.4,0.445,0.466,12752928
Nikola Vucevic,14.8,2.2,0.9,1.7,0.8,9.8,2.7,7.1,456,395,29.8,13.2,6.6,0.499,0.7,0.2,0.308,2,1.5,0.729,12.5,6.4,0.509,0.506,12750000
Austin Rivers,9.4,2.4,0.2,1.2,0.7,2,0.3,1.7,408,130,24.3,8.4,3.5,0.419,2.8,1,0.355,2.1,1.4,0.649,5.5,2.5,0.452,0.479,12650000
Jeremy Lin,12,4.5,0.4,2.4,1.2,2.9,0.4,2.4,406,217,26.6,9.4,4.1,0.433,2.8,1,0.35,3.6,2.9,0.805,6.6,3.1,0.467,0.484,12516746
Jordan Clarkson,14.1,2.8,0.1,1.7,0.9,3.2,0.8,2.4,301,138,27.6,12.4,5.5,0.443,3.7,1.3,0.339,2.4,1.9,0.807,8.7,4.2,0.488,0.494,12500000
Miles Plumlee,4.9,0.5,0.8,0.9,0.4,4.6,1.6,3,328,168,16.7,4.1,2.2,0.537,0,0,0,1,0.6,0.544,4.1,2.2,0.537,0.537,12500000
J.J. Redick,12.4,2,0.1,1.1,0.5,2,0.2,1.8,760,389,25.4,9.3,4.2,0.449,4.6,1.9,0.415,2.4,2.1,0.89,4.6,2.2,0.482,0.553,12500000
Nikola Mirotic,11.8,1.3,0.7,1.2,0.8,5.7,0.9,4.8,273,70,23.7,9.3,3.9,0.419,5.1,1.8,0.357,2.7,2.1,0.801,4.2,2.1,0.494,0.517,12500000
Courtney Lee,10,1.7,0.3,1,1,2.7,0.5,2.2,753,503,28.1,8.4,3.8,0.451,2.9,1.1,0.389,1.5,1.3,0.856,5.6,2.7,0.483,0.517,12253780
Jusuf Nurkic,10.4,1.5,1.2,2,0.8,7.3,2.2,5,238,157,21.6,8.9,4.3,0.485,0.1,0,0,3,1.8,0.612,8.8,4.3,0.488,0.485,12000000
Will Barton,10.4,2.3,0.4,1.3,0.7,3.9,0.7,3.2,395,65,22.8,8.8,3.8,0.434,2.9,1,0.341,2.2,1.7,0.79,5.9,2.8,0.481,0.491,12000000
Kentavious Caldwell-Pope,12,1.7,0.2,1.1,1.2,3.4,0.7,2.7,388,348,30.8,10.6,4.3,0.409,4.8,1.6,0.345,2.1,1.7,0.786,5.8,2.7,0.462,0.487,12000000
Avery Bradley,12.3,1.7,0.2,1.5,1.1,3,0.6,2.4,459,386,28.4,11.3,5,0.439,3.5,1.3,0.366,1.4,1.1,0.772,7.8,3.7,0.472,0.496,12000000
Tyreke Evans,16.5,5.1,0.4,2.6,1.3,4.8,0.9,3.9,525,408,32.1,13.9,6.2,0.445,2.5,0.8,0.318,4.3,3.3,0.759,11.4,5.4,0.473,0.473,12000000
Kemba Walker,18.9,5.4,0.4,2.1,1.3,3.7,0.6,3.2,523,478,33.9,15.8,6.6,0.415,5.5,2,0.358,4.6,3.9,0.834,10.4,4.6,0.445,0.477,12000000
T.J. Warren,13.7,1.1,0.5,0.9,0.9,4.1,1.6,2.6,218,129,26.9,11.6,5.8,0.5,1.3,0.4,0.283,2.3,1.7,0.754,10.3,5.4,0.527,0.516,11750000
Zach Randolph,16.6,1.8,0.3,2.1,0.7,9.1,2.9,6.2,1116,882,31,14.1,6.7,0.471,0.7,0.2,0.273,4.1,3.1,0.764,13.5,6.5,0.481,0.478,11692308
Marcus Smart,9.4,3.9,0.4,1.8,1.5,3.7,1,2.7,261,83,28.7,8.7,3.1,0.36,4.2,1.2,0.293,2.6,2,0.756,4.5,1.9,0.422,0.431,11660716
Patty Mills,8.2,2.3,0.1,1,0.6,1.6,0.3,1.3,523,54,18.3,7,3,0.432,3.7,1.4,0.39,0.9,0.8,0.848,3.3,1.6,0.477,0.534,11571429
Dion Waiters,13.3,2.8,0.3,1.9,1,2.7,0.4,2.2,365,183,28.7,12.4,5.1,0.412,3.6,1.2,0.341,2.7,1.9,0.701,8.8,3.9,0.441,0.462,11550000
Alec Burks,9.7,1.6,0.1,1.3,0.6,2.9,0.6,2.3,365,43,21,7.9,3.4,0.426,1.8,0.6,0.353,3.1,2.3,0.765,6.1,2.7,0.447,0.466,11536515
Omer Asik,5.3,0.6,0.7,1.2,0.4,7.1,2.2,4.9,471,262,19.6,3.8,2,0.528,0,0,0,2.3,1.2,0.551,3.8,2,0.528,0.528,11286516
Kelly Olynyk,9.9,1.9,0.5,1.5,0.7,4.9,1.3,3.6,354,58,21.3,7.7,3.7,0.481,2.7,1,0.371,1.9,1.4,0.75,5,2.7,0.542,0.547,11137527
Iman Shumpert,7.3,1.9,0.2,1.2,1.2,3.4,0.7,2.7,384,205,25.4,6.8,2.7,0.396,3,1,0.338,1.2,0.9,0.763,3.8,1.7,0.441,0.47,11011234
Maurice Harkless,7.3,0.9,0.6,0.9,1,3.6,1.2,2.4,415,223,23,6.1,2.9,0.474,1.9,0.6,0.33,1.5,0.9,0.607,4.2,2.3,0.538,0.525,10837079
Tony Snell,6.3,1.1,0.2,0.6,0.5,2.4,0.3,2.1,368,206,22.6,5.5,2.3,0.42,3.1,1.2,0.38,0.6,0.5,0.809,2.3,1.1,0.474,0.529,10607143
Meyers Leonard,5.5,0.8,0.3,0.7,0.2,3.7,0.7,3,332,40,15.7,4.5,2.1,0.468,1.8,0.7,0.373,0.7,0.6,0.824,2.7,1.5,0.53,0.542,10595506
John Henson,7.9,1.1,1.5,1.1,0.5,5.5,1.9,3.6,391,152,20.4,6.2,3.4,0.541,0,0,0.077,2,1.2,0.572,6.2,3.4,0.544,0.542,10577466
Terrence Ross,9.6,1,0.3,0.8,0.8,2.6,0.4,2.3,411,176,23.8,8.6,3.6,0.421,4.4,1.6,0.371,0.9,0.7,0.798,4.2,2,0.475,0.517,10500000
Bojan Bogdanovic,12.1,1.2,0.1,1.4,0.5,3.2,0.5,2.7,318,201,26.8,9.5,4.3,0.452,4.3,1.6,0.378,2.2,1.9,0.863,5.2,2.7,0.513,0.538,10500000
Robert Covington,12.7,1.6,0.7,1.8,1.6,5.5,1,4.6,291,245,29.4,10.5,4.2,0.399,6.5,2.3,0.358,2.4,2,0.82,3.9,1.8,0.466,0.51,10464092
Rudy Gay,17.9,2.2,0.8,2.3,1.3,5.9,1.5,4.4,810,721,34.6,15,6.8,0.453,3,1,0.343,4.2,3.3,0.795,12,5.8,0.48,0.487,10087200
Jon Leuer,6.7,0.9,0.3,0.7,0.4,4,1,3,336,79,16.5,5.7,2.7,0.478,1.1,0.4,0.335,1.1,0.9,0.769,4.6,2.3,0.512,0.51,10002681
Andre Roberson,4.6,0.9,0.7,0.6,0.9,4,1.2,2.8,295,269,22.5,4,1.9,0.482,1.4,0.4,0.257,0.9,0.4,0.467,2.5,1.5,0.609,0.528,10000000
Danny Green,8.8,1.6,0.8,1,1,3.4,0.6,2.9,540,464,25.1,7.5,3.1,0.418,4.5,1.8,0.395,1,0.8,0.815,2.9,1.3,0.454,0.538,10000000
Darren Collison,12.7,4.9,0.2,2,1.1,2.6,0.5,2.1,632,442,29.5,9.9,4.7,0.472,2.2,0.9,0.393,2.8,2.4,0.855,7.7,3.8,0.495,0.516,10000000
Dwight Powell,6.6,0.8,0.4,0.6,0.7,4.2,1.3,2.9,254,30,16.7,4.6,2.5,0.535,0.7,0.2,0.292,2,1.5,0.739,3.9,2.3,0.581,0.558,9631250
Matthew Dellavedova,6,3.7,0,1.3,0.5,1.9,0.4,1.5,329,88,21.9,5.5,2.1,0.391,2.6,1,0.388,0.8,0.7,0.84,2.9,1.1,0.393,0.483,9607500
Dante Exum,5.7,2.2,0.2,1.3,0.4,1.8,0.4,1.4,162,67,20.2,5.3,2.1,0.395,2.7,0.8,0.306,0.8,0.6,0.757,2.7,1.3,0.483,0.471,9600000
Jared Dudley,8,1.6,0.2,0.9,0.8,3.3,1,2.4,788,260,23.4,6.2,2.9,0.467,2.6,1,0.396,1.6,1.1,0.733,3.6,1.9,0.518,0.549,9530000
Norman Powell,6.6,1.1,0.2,0.9,0.6,2,0.3,1.8,195,60,16.2,5.7,2.4,0.427,2.3,0.7,0.324,1.3,1,0.801,3.4,1.7,0.498,0.493,9367200
Josh Richardson,10.3,2.4,0.7,1.3,1.2,3,0.7,2.3,186,117,29.1,9,3.9,0.434,3.6,1.4,0.376,1.5,1.2,0.787,5.3,2.5,0.473,0.51,9300000
Fred VanVleet,6.8,2.5,0.2,0.8,0.7,2,0.3,1.7,113,0,16.1,5.8,2.4,0.413,2.6,1.1,0.41,1.1,0.9,0.829,3.2,1.3,0.415,0.504,9000000
Bogdan Bogdanovic,11.8,3.3,0.2,1.6,0.9,2.9,0.4,2.5,78,53,27.9,9.9,4.4,0.446,4.2,1.7,0.392,1.5,1.3,0.84,5.7,2.8,0.485,0.529,9000000
Rajon Rondo,10.5,8.5,0.1,2.9,1.7,4.8,1.1,3.8,779,697,31.8,9.5,4.4,0.463,1.2,0.4,0.309,2.2,1.3,0.604,8.2,4,0.486,0.483,9000000
E'Twaun Moore,7.6,1.8,0.2,0.9,0.7,2,0.4,1.5,462,148,21,6.8,3.1,0.455,2.3,0.9,0.385,0.7,0.5,0.74,4.5,2.2,0.489,0.519,8808685
Kosta Koufos,5.8,0.5,0.8,0.7,0.4,5.1,1.8,3.3,644,228,16.7,4.9,2.6,0.537,0,0,0,1.1,0.6,0.587,4.8,2.6,0.538,0.537,8739500
Jerami Grant,7.5,1,1.2,1,0.5,3.6,0.9,2.7,303,68,21.9,5.7,2.5,0.444,1.7,0.5,0.301,3,1.9,0.641,4,2,0.507,0.49,8653847
Kyle Anderson,4.9,1.7,0.5,0.8,0.9,3.6,0.6,3,257,100,17.9,4,1.9,0.478,0.6,0.2,0.338,1.2,0.9,0.733,3.4,1.7,0.501,0.502,8641000
Julius Randle,13.5,2.6,0.5,2.3,0.6,8.9,2.1,6.8,238,182,27.8,10.6,5.2,0.493,0.6,0.2,0.257,4.1,2.9,0.717,10,5.1,0.507,0.5,8641000
Markieff Morris,11.9,1.7,0.6,1.7,0.9,5.6,1.4,4.3,521,315,26.4,10.2,4.6,0.451,2.1,0.7,0.338,2.5,1.9,0.778,8.1,3.9,0.481,0.486,8600000
Jerryd Bayless,8.5,2.8,0.1,1.4,0.6,2.1,0.3,1.8,552,93,21.4,7.2,3,0.414,2.3,0.9,0.366,2.1,1.7,0.824,4.8,2.1,0.438,0.474,8575916
Cristiano Felicio,4.8,0.8,0.3,0.7,0.3,4.3,1.6,2.7,152,20,15.4,3.3,1.9,0.581,0,0,0,1.4,0.9,0.665,3.3,1.9,0.588,0.581,8470980
Markelle Fultz,7.1,3.8,0.3,1.2,0.9,3.1,0.8,2.3,14,0,18.1,7.9,3.2,0.405,0.1,0,0,1.5,0.7,0.476,7.9,3.2,0.409,0.405,8339880
C.J. Miles,9.8,1.1,0.3,0.9,0.7,2.4,0.4,2,785,302,20.7,8.5,3.5,0.414,4.1,1.5,0.361,1.6,1.3,0.809,4.3,2,0.465,0.502,8333333
Joe Harris,7.6,1.1,0.2,0.9,0.4,2.4,0.4,2,186,26,19.5,6,2.7,0.459,3.6,1.4,0.4,0.9,0.7,0.774,2.4,1.3,0.548,0.579,8330000
Shaun Livingston,6.5,3.1,0.4,1.3,0.7,2.4,0.6,1.9,769,191,21.1,5.5,2.7,0.485,0.1,0,0.183,1.4,1.1,0.794,5.4,2.6,0.49,0.486,8307692
Lou Williams,13.7,3.1,0.2,1.6,0.9,2.1,0.4,1.8,861,109,24.4,10.5,4.4,0.42,3.8,1.3,0.348,4.3,3.6,0.834,6.7,3.1,0.461,0.483,8000000
Garrett Temple,5.5,1.7,0.3,0.9,0.8,2,0.4,1.6,439,157,19.1,4.9,2,0.405,2.2,0.8,0.357,1.1,0.8,0.725,2.7,1.2,0.445,0.486,8000000
P.J. Tucker,7.4,1.5,0.3,1,1.2,5.7,1.6,4.1,500,324,27.8,6.4,2.7,0.426,2.5,0.9,0.356,1.5,1.1,0.748,3.9,1.8,0.471,0.495,7969537
Cory Joseph,7,2.6,0.2,1,0.7,2.4,0.5,1.9,446,86,20.8,6.1,2.7,0.45,1.2,0.4,0.329,1.5,1.1,0.765,4.8,2.3,0.481,0.484,7945000
JaMychal Green,8.1,1,0.4,1.1,0.6,6.1,2,4.1,234,145,22.4,6.5,3.1,0.477,1.4,0.5,0.35,1.8,1.4,0.765,5.2,2.6,0.511,0.514,7866667
Karl-Anthony Towns,21.6,2.4,1.4,2.3,0.7,11.7,3.1,8.6,246,246,34.9,15.5,8.4,0.543,2.6,1,0.387,4.5,3.8,0.836,12.8,7.4,0.575,0.576,7839435
Kyle Korver,9.9,1.8,0.3,1.1,0.7,3,0.3,2.8,1104,422,26.2,7.7,3.4,0.444,4.6,2,0.431,1.2,1.1,0.881,3.1,1.4,0.464,0.574,7560000
Jeremy Lamb,9.1,1.4,0.3,0.8,0.6,3.2,0.5,2.8,356,31,18.7,7.8,3.4,0.445,2.7,0.9,0.336,1.6,1.3,0.837,5,2.5,0.503,0.504,7488372
Darrell Arthur,6.5,0.8,0.6,0.8,0.6,3.5,1.1,2.4,503,106,17.8,6.2,2.7,0.444,0.9,0.3,0.352,0.9,0.7,0.765,5.3,2.4,0.46,0.47,7464912
Lonzo Ball,10.2,7.2,0.8,2.6,1.7,6.9,1.3,5.6,52,50,34.2,10.8,3.9,0.36,5.7,1.7,0.305,1.4,0.6,0.451,5.2,2.2,0.42,0.44,7461960
Doug McDermott,7.9,0.8,0.1,0.6,0.2,2.3,0.4,1.9,264,13,20.7,6.7,3,0.452,2.7,1.1,0.403,1,0.8,0.822,3.9,1.9,0.485,0.535,7333333
Jae Crowder,9,1.4,0.3,0.8,1,3.8,0.7,3,463,233,23.7,7.4,3.2,0.429,3.6,1.2,0.341,1.9,1.5,0.791,3.8,1.9,0.511,0.512,7305825
D.J. Augustin,9.6,3.8,0,1.5,0.6,1.8,0.3,1.5,726,226,23.6,7.7,3.1,0.407,3.3,1.3,0.376,2.5,2.1,0.863,4.3,1.9,0.43,0.488,7250000
Lance Thomas,5.3,0.7,0.1,0.7,0.4,2.6,0.8,1.8,346,107,18.6,4.6,1.9,0.42,1,0.4,0.408,1.3,1,0.801,3.6,1.5,0.423,0.464,7119650
D'Angelo Russell,14.6,4.3,0.2,2.7,1.1,3.6,0.6,3,191,143,27.8,13.1,5.3,0.409,5.4,1.9,0.344,2.7,2,0.754,7.7,3.5,0.455,0.48,7019698
Langston Galloway,8.1,2,0.2,0.7,0.8,2.8,0.5,2.3,259,52,22.6,7.7,3,0.387,3.6,1.3,0.361,1.1,0.9,0.785,4.1,1.7,0.41,0.471,7000000
Davis Bertans,5.3,0.8,0.4,0.5,0.3,1.7,0.3,1.5,144,16,13.2,4.2,1.8,0.44,3,1.1,0.384,0.6,0.5,0.819,1.2,0.7,0.577,0.576,7000000
Ersan Ilyasova,11,1.2,0.4,1,0.7,5.9,1.8,4.1,678,408,24.5,9.3,4.1,0.443,3.1,1.1,0.366,2.1,1.6,0.77,6.2,3,0.481,0.503,7000000
Boban Marjanovic,5.6,0.4,0.4,0.6,0.2,3.7,1.3,2.4,128,5,8.9,3.5,2,0.564,0,0,0,2.1,1.6,0.784,3.5,2,0.564,0.564,7000000
Al-Farouq Aminu,7.5,1.2,0.6,1.3,1,5.9,1.4,4.5,589,348,24.8,6.6,2.8,0.421,2.2,0.7,0.336,1.7,1.2,0.726,4.4,2,0.464,0.477,6957105
Jayson Tatum,13.9,1.6,0.7,1.4,1,5,0.6,4.4,80,80,30.5,10.4,5,0.475,3,1.3,0.434,3.2,2.7,0.826,7.4,3.7,0.492,0.538,6700800
Nemanja Bjelica,6.1,1.3,0.3,0.8,0.6,3.8,0.8,3,192,22,18.9,5,2.3,0.449,2.5,0.9,0.371,0.8,0.6,0.752,2.5,1.3,0.528,0.543,6500000
Mario Hezonja,6.9,1.3,0.3,1.1,0.7,2.8,0.4,2.3,219,41,18.4,6.2,2.6,0.418,2.8,0.9,0.332,1,0.8,0.837,3.5,1.7,0.487,0.492,6500000
Ben Simmons,15.8,8.2,0.9,3.4,1.7,8.1,1.8,6.3,81,81,33.7,12.3,6.7,0.545,0.1,0,0,4.2,2.4,0.56,12.2,6.7,0.551,0.545,6434520
Milos Teodosic,9.5,4.6,0.1,2.2,0.5,2.8,0.4,2.4,45,36,25.2,8,3.4,0.419,5.2,2,0.379,1,0.9,0.848,2.8,1.4,0.492,0.542,6300000
Dewayne Dedmon,5.5,0.6,0.8,0.9,0.4,5.7,1.6,4.1,286,124,16.8,4,2.2,0.552,0.5,0.2,0.352,1.2,0.9,0.695,3.6,2.1,0.58,0.573,6300000
Wayne Ellington,8,1.1,0.1,0.7,0.5,2.2,0.3,1.9,592,127,21,7.2,2.9,0.411,3.7,1.4,0.381,0.8,0.7,0.851,3.5,1.5,0.443,0.509,6270000
Marco Belinelli,9.9,1.7,0.1,1,0.6,2,0.2,1.8,724,218,23.3,8.2,3.5,0.427,3.7,1.4,0.377,1.8,1.5,0.841,4.6,2.1,0.467,0.511,6153846
Wesley Johnson,7.2,1.1,0.7,0.9,0.8,3.2,0.6,2.7,571,321,22.7,6.8,2.8,0.406,3.1,1,0.337,0.8,0.6,0.743,3.8,1.7,0.462,0.482,6134520
Josh Jackson,13.1,1.5,0.5,1.9,1,4.6,1.2,3.3,77,35,25.4,12.1,5.1,0.417,2.8,0.7,0.263,3.6,2.3,0.634,9.3,4.3,0.464,0.448,6041520
Montrezl Harrell,8.7,0.9,0.6,0.7,0.4,3.4,1.2,2.2,173,18,15.8,5.7,3.6,0.642,0.1,0,0.133,2.2,1.4,0.614,5.6,3.6,0.65,0.643,6000000
Jonathon Simmons,8.8,1.8,0.2,1.4,0.6,2.5,0.5,2,202,60,21,7,3.2,0.459,1.7,0.6,0.331,2.3,1.7,0.759,5.3,2.7,0.5,0.5,6000000
Ish Smith,7.2,3.8,0.2,1.3,0.7,2.3,0.3,2,486,142,19.1,7.2,3.1,0.428,1,0.3,0.301,1.1,0.7,0.669,6.2,2.8,0.449,0.45,6000000
Brandon Ingram,12.2,2.9,0.6,1.9,0.7,4.6,0.8,3.7,138,99,30.8,10.5,4.6,0.438,2.1,0.7,0.329,3.6,2.4,0.655,8.4,3.9,0.466,0.471,5757120
Anthony Tolliver,6.5,0.9,0.3,0.6,0.4,3.5,0.8,2.6,599,92,20.3,5.1,2.2,0.421,3.2,1.2,0.376,1.3,1,0.772,1.9,0.9,0.5,0.54,5750000
Kristaps Porzingis,17.8,1.3,2,1.8,0.7,7.1,1.6,5.4,186,185,31,14.8,6.5,0.437,4.2,1.5,0.361,4.1,3.3,0.804,10.6,5,0.467,0.488,5697054
Deron Williams,16.3,8.1,0.2,2.8,1,3.1,0.4,2.7,845,771,34.2,13,5.8,0.445,3.9,1.4,0.357,4.1,3.4,0.822,9.1,4.4,0.482,0.498,5474787
Ben McLemore,9.1,1.2,0.2,1.3,0.7,2.6,0.5,2.1,349,233,24.5,7.9,3.3,0.417,3.4,1.2,0.351,1.6,1.3,0.785,4.5,2.1,0.468,0.494,5460000
Alex Abrines,5.3,0.5,0.1,0.4,0.5,1.4,0.3,1.1,143,14,15.3,4.4,1.7,0.394,3.3,1.2,0.38,0.7,0.6,0.874,1.1,0.5,0.433,0.535,5455236
Patrick Patterson,7.3,1.1,0.5,0.7,0.6,4.3,1.3,3,559,76,22.7,6.4,2.9,0.455,2.3,0.9,0.37,0.8,0.6,0.757,4.1,2,0.502,0.521,5451600
Jason Smith,6.2,0.7,0.7,0.8,0.3,3.4,1.1,2.3,596,103,16.5,5.5,2.6,0.47,0.4,0.1,0.332,1.1,0.9,0.781,5.2,2.5,0.48,0.481,5450000
De'Aaron Fox,11.6,4.4,0.3,2.4,1,2.8,0.5,2.3,73,60,27.8,10.9,4.5,0.412,2.1,0.6,0.307,2.7,1.9,0.723,8.8,3.8,0.436,0.441,5407920
Marcus Morris,11.2,1.5,0.2,1.2,0.7,4.4,1,3.4,470,239,26.3,9.7,4.1,0.428,3.6,1.3,0.357,2.1,1.6,0.731,6.1,2.8,0.471,0.495,5375000
Dwight Howard,17.4,1.5,2,2.9,0.9,12.7,3.5,9.1,1035,1034,34.5,10.8,6.3,0.583,0.1,0,0.095,8.5,4.8,0.566,10.7,6.3,0.585,0.583,5337000
DeMarcus Cousins,21.5,3.2,1.2,3.6,1.4,11,2.8,8.2,535,513,32.3,16.7,7.7,0.46,1.7,0.6,0.338,7.6,5.6,0.737,14.9,7.1,0.474,0.478,5337000
Josh Smith,14.5,3.1,1.9,2.5,1.2,7.4,1.9,5.5,894,772,32.4,12.6,5.7,0.452,1.8,0.5,0.285,4.2,2.6,0.632,10.8,5.2,0.48,0.472,5331729
Alexis Ajinca,5.3,0.5,0.6,0.8,0.3,3.9,1.2,2.7,293,76,13.3,4.4,2.2,0.503,0.1,0,0.286,1.1,0.9,0.797,4.2,2.2,0.51,0.507,5285394
Thabo Sefolosha,6.1,1.5,0.4,0.9,1.1,3.9,0.8,3.1,778,473,23.2,5.2,2.3,0.449,1.7,0.6,0.347,1.1,0.8,0.737,3.5,1.7,0.5,0.507,5250000
Aron Baynes,5.4,0.7,0.5,0.8,0.2,4.4,1.5,2.9,376,91,15,4.3,2.2,0.502,0.1,0,0.143,1.3,1,0.802,4.3,2.2,0.508,0.503,5193600
Jaylen Brown,10.4,1.2,0.3,1.3,0.7,3.8,0.8,3.1,148,90,23.6,8.3,3.8,0.461,3,1.1,0.379,2.4,1.6,0.658,5.3,2.7,0.507,0.529,5169960
Patrick Beverley,9.4,3.4,0.4,1.4,1.3,4.1,1.2,2.9,302,251,28.6,8.1,3.4,0.413,4.4,1.7,0.376,1.3,1,0.767,3.7,1.7,0.457,0.515,5027028
Tony Parker,15.8,5.7,0.1,2.3,0.9,2.8,0.4,2.4,1198,1151,31.1,12.8,6.3,0.492,1.3,0.4,0.326,3.7,2.8,0.752,11.5,5.9,0.511,0.509,5000000
Mike Muscala,5.4,0.9,0.5,0.6,0.4,3.1,1,2.1,243,18,14.7,4.2,2.1,0.491,1.4,0.5,0.378,0.8,0.7,0.848,2.8,1.5,0.547,0.554,5000000
Dirk Nowitzki,21.2,2.5,0.9,1.7,0.8,7.7,1,6.7,1471,1440,34.4,15.9,7.5,0.472,3.4,1.3,0.383,5.6,4.9,0.879,12.5,6.2,0.497,0.513,5000000
Kyle Singler,6.5,0.8,0.3,0.8,0.6,2.9,0.9,2,356,172,21.9,5.7,2.4,0.418,2.3,0.8,0.362,1.2,1,0.786,3.3,1.5,0.458,0.493,4996000
Jonathan Isaac,5.4,0.7,1.1,1,1.2,3.7,0.6,3.1,27,10,19.9,5.4,2,0.379,1.7,0.6,0.348,0.9,0.7,0.76,3.7,1.4,0.394,0.434,4969080
Willie Cauley-Stein,9.4,1.4,0.8,1,0.8,5.6,1.6,4,214,118,22.8,7.4,3.9,0.524,0.1,0,0.188,2.4,1.6,0.641,7.4,3.9,0.527,0.524,4696875
Dragan Bender,5.4,1.2,0.6,1.2,0.3,3.7,0.5,3.2,125,37,21.1,5.2,2,0.378,3.4,1.2,0.345,0.5,0.3,0.694,1.8,0.8,0.441,0.491,4661280
Ron Baker,3.5,1.9,0.2,0.9,0.7,1.6,0.2,1.4,81,14,15.3,3.4,1.3,0.37,1.5,0.4,0.286,0.9,0.6,0.696,1.9,0.8,0.433,0.431,4544400
Lauri Markkanen,15.2,1.2,0.6,1.2,0.6,7.5,1.2,6.3,68,68,29.7,12.7,5.5,0.434,5.9,2.1,0.362,2.4,2.1,0.843,6.8,3.4,0.497,0.518,4536120
Lance Stephenson,8.8,3,0.1,1.7,0.7,4.3,0.7,3.7,440,196,24.4,7.9,3.5,0.446,2.1,0.6,0.303,1.6,1.1,0.685,5.9,2.9,0.496,0.485,4449000
Kyle O'Quinn,5.8,1.3,1,1,0.4,4.9,1.4,3.4,398,60,15.2,4.7,2.4,0.518,0.3,0.1,0.223,1.1,0.9,0.745,4.5,2.4,0.535,0.524,4449000
Ed Davis,6.6,0.8,0.9,0.8,0.5,6.5,2.3,4.2,559,94,20.6,4.9,2.7,0.564,0,0,0,1.9,1.1,0.579,4.9,2.7,0.565,0.564,4400000
Justin Holiday,7.4,1.4,0.4,0.9,0.8,2.5,0.3,2.2,275,85,19.9,6.7,2.6,0.392,3.5,1.2,0.35,1.2,1,0.811,3.2,1.4,0.438,0.483,4384616
Alex Len,7.2,0.8,1,1.3,0.4,6.5,2.1,4.4,335,140,19.9,5.7,2.7,0.485,0.1,0,0.24,2.4,1.7,0.707,5.6,2.7,0.489,0.487,4350000
Luc Mbah a Moute,6.4,0.9,0.4,0.9,0.9,4.1,1.4,2.7,682,453,23.4,5.4,2.5,0.455,0.9,0.3,0.336,1.8,1.2,0.661,4.5,2.2,0.478,0.482,4320500
Mike Scott,7.4,0.9,0.1,0.8,0.3,3,0.7,2.3,357,8,16,6.1,2.9,0.476,2.1,0.7,0.351,1.2,0.9,0.762,4.1,2.2,0.54,0.535,4320500
Emmanuel Mudiay,10.8,4.3,0.3,2.4,0.8,3,0.5,2.5,187,121,25.2,10.6,4,0.374,3,0.9,0.317,2.7,2,0.731,7.6,3,0.396,0.419,4294480
Kris Dunn,7.6,3.8,0.5,1.8,1.4,3,0.4,2.6,130,50,22,7.5,3.1,0.413,1.6,0.5,0.309,1.3,0.9,0.69,5.9,2.6,0.44,0.445,4221000
Frank Ntilikina,5.9,3.2,0.2,1.7,0.8,2.3,0.5,1.8,78,9,21.9,6.4,2.3,0.364,2,0.6,0.318,0.9,0.6,0.721,4.4,1.7,0.385,0.414,4155720
Glenn Robinson,4.4,0.6,0.2,0.4,0.4,2.3,0.6,1.7,172,33,14.7,3.7,1.7,0.445,1.3,0.5,0.381,0.9,0.6,0.707,2.5,1.2,0.477,0.509,4150000
Al Jefferson,15.7,1.5,1.2,1.3,0.7,8.4,2.2,6.2,915,651,28.7,13.5,6.7,0.499,0.1,0,0.121,3.1,2.2,0.711,13.4,6.7,0.501,0.499,4000000
Stanley Johnson,7,1.5,0.2,1.2,0.9,3.4,0.6,2.8,219,57,22.6,7,2.6,0.37,2.7,0.8,0.295,1.4,1,0.76,4.3,1.8,0.417,0.427,3940402
Buddy Hield,12,1.7,0.2,1.4,0.8,3.6,0.6,3,162,67,24.1,10.5,4.6,0.437,4.9,2,0.412,1,0.8,0.86,5.6,2.6,0.459,0.532,3833760
Dennis Smith,15.2,5.2,0.3,2.8,1,3.8,0.7,3,69,69,29.7,14.8,5.9,0.395,4.9,1.5,0.313,2.8,1.9,0.694,9.9,4.3,0.436,0.447,3819960
J.J. Barea,8.9,3.9,0,1.5,0.4,2.1,0.3,1.8,764,101,19.7,8,3.4,0.424,2.8,1,0.354,1.4,1.1,0.798,5.2,2.4,0.462,0.486,3710850
Nene Hilario,11.7,1.8,0.8,1.8,1.1,6.2,1.8,4.4,923,624,26.8,8.1,4.5,0.548,0.1,0,0.14,4.1,2.7,0.66,8.1,4.5,0.551,0.549,3651480
Zach Collins,4.4,0.8,0.5,0.9,0.3,3.3,0.7,2.7,66,1,15.8,4.4,1.7,0.398,1.7,0.5,0.31,0.6,0.4,0.643,2.7,1.2,0.455,0.458,3628920
Frank Kaminsky,10,1.7,0.4,0.9,0.5,4.1,0.7,3.3,235,23,23.4,8.7,3.6,0.412,3.5,1.2,0.347,2.1,1.6,0.765,5.2,2.4,0.457,0.483,3627842
Mirza Teletovic,8.1,0.8,0.3,0.8,0.3,3.2,0.6,2.6,324,14,17.8,7.1,2.9,0.406,4.5,1.7,0.371,1,0.7,0.755,2.5,1.2,0.468,0.524,3500000
Michael Beasley,12.7,1.3,0.5,1.7,0.6,4.8,1.1,3.7,583,236,23.4,11.1,5.2,0.464,1.4,0.5,0.352,2.4,1.8,0.76,9.7,4.7,0.48,0.486,3500000
Jamal Murray,13.3,2.7,0.3,1.7,0.8,3.1,0.8,2.4,163,90,26.6,11,4.7,0.432,4.8,1.7,0.359,2.3,2.1,0.898,6.2,3,0.488,0.51,3499800
Jodie Meeks,9.3,1.1,0.1,0.8,0.8,2.1,0.3,1.8,531,204,22.6,7.4,3.1,0.418,3.9,1.4,0.372,1.9,1.7,0.879,3.5,1.7,0.469,0.516,3454500
Justise Winslow,7.5,2,0.4,1.3,0.9,5.3,1,4.3,164,48,27.7,7.2,2.9,0.41,1.7,0.5,0.314,1.6,1.1,0.653,5.5,2.4,0.44,0.448,3448926
Malik Monk,6.7,1.4,0.1,0.8,0.3,1,0.1,0.9,63,0,13.6,6.7,2.4,0.36,3.9,1.3,0.342,0.6,0.5,0.842,2.9,1.1,0.385,0.458,3447480
Myles Turner,12.7,1.1,1.8,1.3,0.7,6.5,1.5,5,206,173,27.9,9.9,4.9,0.498,1.4,0.5,0.346,3.1,2.4,0.783,8.5,4.4,0.522,0.522,3410284
Brook Lopez,17.9,1.6,1.7,2,0.6,6.8,2.5,4.3,636,599,31.2,13.8,6.9,0.502,1.2,0.4,0.335,4.6,3.7,0.789,12.7,6.5,0.517,0.516,3382000
Trey Lyles,7.4,1,0.3,0.8,0.4,3.9,0.7,3.2,224,39,17.5,6.4,2.8,0.435,2.5,0.9,0.358,1.4,1,0.703,3.9,1.9,0.483,0.504,3364249
Ekpe Udoh,3.7,0.7,1.2,0.6,0.5,3,1.3,1.7,333,55,16.1,3.2,1.4,0.437,0,0,0,1.2,0.9,0.724,3.2,1.4,0.439,0.437,3360000
Devin Booker,19.8,3.5,0.3,2.9,0.8,3.3,0.5,2.8,208,183,32.2,16.1,6.9,0.426,5.2,1.9,0.365,4.9,4.2,0.849,10.9,5,0.455,0.485,3314365
Luke Kennard,7.6,1.7,0.2,0.9,0.6,2.4,0.3,2.1,73,9,20,6.4,2.8,0.443,2.7,1.1,0.415,1,0.9,0.855,3.7,1.7,0.463,0.53,3275280
Cameron Payne,5.9,2.4,0.2,1,0.7,1.8,0.3,1.5,113,15,15.4,6.1,2.3,0.386,2.5,0.9,0.34,0.4,0.3,0.75,3.5,1.5,0.42,0.458,3263295
Troy Daniels,7.1,0.6,0.1,0.6,0.3,1.3,0.2,1.1,241,19,15.6,6,2.4,0.401,4.5,1.8,0.404,0.6,0.5,0.821,1.6,0.6,0.392,0.55,3258540
Kelly Oubre,7.6,0.7,0.3,0.8,0.7,3.4,0.7,2.7,223,25,20.2,6.5,2.7,0.412,2.9,0.9,0.322,1.7,1.3,0.78,3.6,1.7,0.482,0.483,3208630
Marquese Chriss,8.5,0.9,0.9,1.4,0.8,4.8,1.1,3.7,154,124,21.2,7.2,3.2,0.438,2.7,0.8,0.309,2.2,1.4,0.617,4.5,2.3,0.515,0.496,3206160
Tomas Satoransky,5.2,2.9,0.2,0.9,0.6,2.4,0.7,1.7,130,33,18.2,4.1,2,0.493,1.1,0.4,0.406,1,0.8,0.76,3,1.6,0.524,0.546,3129187
Bryn Forbes,5.6,0.9,0,0.4,0.3,1.1,0.1,1,116,12,15.5,5.1,2.1,0.411,2.4,0.9,0.377,0.7,0.5,0.679,2.7,1.2,0.441,0.5,3125000
Donovan Mitchell,20.5,3.7,0.3,2.7,1.5,3.7,0.7,3.1,79,71,33.4,17.2,7.5,0.437,7,2.4,0.34,3.8,3,0.805,10.3,5.2,0.502,0.506,3111480
Terry Rozier,7.2,2.1,0.2,0.8,0.7,3.5,0.7,2.8,193,16,18.9,6.8,2.6,0.377,3.2,1.1,0.355,1.2,0.9,0.773,3.7,1.5,0.395,0.459,3050390
Yogi Ferrell,10.2,2.9,0.1,1.2,0.8,2.8,0.4,2.5,128,50,27.2,8.8,3.7,0.419,4.2,1.6,0.378,1.5,1.2,0.813,4.6,2.1,0.457,0.509,3000000
Bam Adebayo,6.9,1.5,0.6,1,0.5,5.5,1.7,3.8,69,19,19.8,4.9,2.5,0.512,0.1,0,0,2.6,1.9,0.721,4.8,2.5,0.523,0.512,2955840
Jakob Poeltl,5.4,0.5,0.9,0.8,0.4,4.1,1.8,2.3,136,4,15.8,3.7,2.4,0.641,0,0,0.5,1.2,0.7,0.576,3.7,2.3,0.642,0.642,2947320
Andrew Nicholson,6,0.4,0.3,0.7,0.3,3,0.7,2.3,285,36,14.3,5.3,2.5,0.467,1,0.3,0.321,0.9,0.7,0.773,4.4,2.2,0.498,0.495,2844429
Justin Jackson,6.7,1.1,0.2,0.6,0.4,2.8,0.4,2.4,68,41,22.1,6.2,2.7,0.442,2.7,0.8,0.308,0.5,0.4,0.722,3.4,1.9,0.547,0.51,2807880
Thon Maker,4.4,0.5,0.6,0.5,0.4,2.6,0.9,1.7,131,46,13.7,3.8,1.6,0.429,1.4,0.5,0.331,1.1,0.7,0.683,2.4,1.2,0.483,0.488,2799720
Seth Curry,10.2,2.2,0.1,1.1,0.9,2.1,0.3,1.8,118,51,23.2,7.9,3.7,0.473,3.7,1.6,0.432,1.3,1.1,0.844,4.2,2.1,0.508,0.573,2795000
Cedi Osman,3.9,0.7,0,0.5,0.4,2,0.3,1.7,61,12,11,3,1.5,0.484,1.4,0.5,0.368,0.8,0.4,0.565,1.6,1,0.586,0.57,2775000
Sam Dekker,5.3,0.7,0.2,0.5,0.4,3,0.9,2.1,153,3,15.1,4.5,2.2,0.481,1.6,0.5,0.283,0.8,0.5,0.605,2.9,1.7,0.592,0.532,2760095
Elfrid Payton,11.2,6.4,0.3,2.4,1.3,4.2,1.1,3.1,300,253,29.5,10.1,4.6,0.457,1.2,0.4,0.298,2.6,1.6,0.619,8.8,4.2,0.479,0.475,2700000
Justin Patton,2,0,0,0,1,0,0,0,1,0,4,2,1,0.5,0,0,0,0,0,0,2,1,0.5,0.5,2667600
Guerschon Yabusele,2.4,0.5,0.2,0.4,0.1,1.6,0.5,1.1,33,4,7.1,1.8,0.8,0.426,1.1,0.4,0.324,0.7,0.5,0.682,0.7,0.4,0.583,0.525,2667600
Domantas Sabonis,8.6,1.5,0.4,1.4,0.5,5.5,1.4,4.2,155,85,22.2,7.4,3.4,0.466,1.3,0.4,0.327,1.9,1.4,0.729,6.1,3,0.495,0.494,2659800
Jerian Grant,6.6,3,0.1,1,0.8,2,0.3,1.7,213,60,18.7,5.6,2.3,0.411,2,0.6,0.313,1.8,1.4,0.784,3.6,1.7,0.464,0.466,2639314
Delon Wright,6.6,2.3,0.4,1,0.9,2.3,0.6,1.7,123,5,17.1,5.1,2.3,0.455,1.6,0.6,0.362,1.7,1.3,0.797,3.5,1.7,0.498,0.512,2536898
D.J. Wilson,1,0.1,0,0.2,0.1,0.5,0.1,0.4,22,0,3.2,0.7,0.4,0.563,0.2,0.1,0.4,0.1,0,0.5,0.5,0.3,0.636,0.625,2534280
Dario Saric,13.7,2.4,0.3,2.1,0.7,6.5,1.7,4.8,159,109,27.9,11.4,4.9,0.431,4.7,1.7,0.355,2.7,2.2,0.82,6.8,3.3,0.484,0.504,2526840
Taurean Waller-Prince,10.6,1.9,0.5,1.8,0.9,3.9,0.5,3.3,141,92,24.4,8.9,3.8,0.42,4,1.5,0.374,1.9,1.6,0.825,5,2.3,0.456,0.503,2526840
Justin Anderson,5.8,0.7,0.3,0.6,0.4,2.8,0.7,2.1,168,19,14.3,4.9,2,0.422,2.3,0.7,0.3,1.3,1,0.784,2.6,1.4,0.528,0.491,2516048
Manu Ginobili,13.3,3.8,0.3,2,1.3,3.5,0.6,2.8,1057,349,25.4,9.7,4.3,0.447,3.8,1.4,0.369,3.9,3.2,0.827,5.9,2.9,0.498,0.52,2500000
Dante Cunningham,6.1,0.7,0.5,0.5,0.7,3.8,1.2,2.7,651,174,21.4,5.6,2.6,0.469,0.9,0.3,0.332,0.9,0.6,0.645,4.7,2.3,0.494,0.495,2500000
Reggie Bullock,5.5,0.8,0.1,0.4,0.4,1.9,0.3,1.6,209,59,16.1,4.6,2.1,0.448,2.5,1,0.403,0.4,0.3,0.798,2.1,1,0.501,0.558,2500000
Bobby Portis,9.2,1.1,0.3,1,0.5,5.7,1.8,3.9,199,21,18.8,8.2,3.8,0.463,1.9,0.6,0.345,1.4,1,0.737,6.3,3.1,0.498,0.502,2494346
Rondae Hollis-Jefferson,10.2,2.1,0.6,1.5,1.1,6.1,1.3,4.7,175,126,24.5,8,3.7,0.456,0.8,0.2,0.237,3.5,2.7,0.767,7.3,3.5,0.479,0.467,2470357
Emeka Okafor,12,0.8,1.6,1.6,0.7,9.7,3.2,6.5,616,603,30.9,9.5,4.9,0.512,0,0,0,3.8,2.2,0.586,9.5,4.9,0.512,0.512,2445085
Tyus Jones,4.4,2.8,0.1,0.7,1,1.4,0.2,1.2,179,11,15.7,3.7,1.6,0.423,1.4,0.5,0.341,0.9,0.7,0.81,2.3,1.1,0.473,0.488,2444053
Jarell Martin,6.2,0.7,0.5,0.9,0.5,4,1.3,2.7,142,39,18.3,5.4,2.3,0.436,0.9,0.3,0.344,1.6,1.2,0.763,4.5,2,0.455,0.465,2416222
T.J. Leaf,2.9,0.2,0.1,0.2,0.1,1.5,0.5,1,53,0,8.7,2.6,1.2,0.471,0.8,0.3,0.429,0.3,0.2,0.625,1.8,0.9,0.489,0.537,2407560
Jeff Green,13.2,1.6,0.5,1.5,0.7,4.6,1,3.6,783,497,30.3,11,4.8,0.438,2.9,1,0.332,3.2,2.6,0.799,8.1,3.9,0.477,0.482,2393887
Amir Johnson,7.2,1.2,1,1.1,0.6,5.5,2,3.5,819,479,21.7,5.3,3,0.572,0.3,0.1,0.337,1.5,1,0.67,4.9,2.9,0.588,0.583,2393887
Raymond Felton,11.4,5.4,0.2,2.1,1.2,3,0.6,2.4,938,659,30.3,10.5,4.3,0.412,2.9,1,0.329,2.3,1.8,0.789,7.5,3.4,0.445,0.458,2393887
Derrick Rose,18.9,5.7,0.4,2.8,0.8,3.6,0.9,2.7,495,476,33.8,16.3,7.4,0.451,2.5,0.7,0.296,4.2,3.5,0.822,13.8,6.6,0.479,0.474,2393887
JaVale McGee,7.5,0.3,1.5,0.9,0.4,4.8,1.8,3,558,187,16.7,5.7,3.2,0.559,0,0,0.067,2,1.1,0.582,5.6,3.2,0.561,0.559,2393887
Gerald Green,9.8,1,0.3,1.1,0.5,2.5,0.5,2,585,118,19.7,8.5,3.6,0.419,3.8,1.4,0.362,1.6,1.3,0.816,4.7,2.2,0.465,0.5,2393887
Zaza Pachulia,6.9,1.3,0.4,1.3,0.7,5.9,2.2,3.7,1030,513,20.7,5.2,2.4,0.47,0,0,0,2.7,2,0.75,5.2,2.4,0.473,0.47,2393887
Jose Calderon,9.2,5.9,0.1,1.5,0.8,2.5,0.3,2.1,846,591,27.2,7.5,3.5,0.474,2.6,1.1,0.411,1.2,1.1,0.873,4.9,2.5,0.507,0.545,2393887
Devin Harris,11.1,4.1,0.2,1.8,1.1,2.2,0.3,1.9,917,446,25,8.4,3.7,0.434,2.6,0.8,0.327,3.7,2.9,0.798,5.9,2.8,0.481,0.484,2393887
Channing Frye,9,1,0.6,0.9,0.5,4.6,0.9,3.7,854,439,22.8,7.7,3.4,0.442,3.1,1.2,0.387,1.2,1,0.823,4.6,2.2,0.478,0.52,2393887
Jamal Crawford,15,3.4,0.2,1.9,0.9,2.3,0.4,1.9,1262,433,29.9,12.7,5.2,0.41,4.9,1.7,0.349,3.3,2.9,0.862,7.8,3.5,0.449,0.478,2304226
John Collins,10.5,1.3,1.1,1.4,0.6,7.3,2.4,4.9,74,26,24.1,7.4,4.2,0.576,0.6,0.2,0.34,2.5,1.8,0.715,6.7,4,0.598,0.591,2299080
Denzel Valentine,8,2.3,0.1,1.1,0.7,4.1,0.4,3.6,134,37,22.9,7.5,3,0.399,4.3,1.6,0.374,0.5,0.4,0.754,3.2,1.4,0.434,0.506,2280600
Larry Nance,7.1,1.2,0.5,0.8,1.2,5.9,2,3.9,192,56,21.5,5.6,3.1,0.547,0.3,0.1,0.224,1.4,0.9,0.689,5.3,3,0.566,0.554,2272391
Monta Ellis,17.8,4.6,0.3,2.7,1.7,3.5,0.6,2.8,833,713,34.8,15.2,6.9,0.451,2.8,0.9,0.314,4.2,3.2,0.772,12.4,6,0.482,0.48,2245400
Darius Miller,5.2,1.1,0.2,0.6,0.4,1.6,0.2,1.4,184,13,18.5,4.2,1.8,0.435,2.7,1.1,0.394,0.6,0.5,0.856,1.5,0.8,0.507,0.561,2205000
Juan Hernangomez,4.4,0.5,0.2,0.5,0.4,2.8,0.7,2.1,87,12,12.9,3.4,1.5,0.435,1.9,0.7,0.368,1,0.8,0.761,1.6,0.8,0.515,0.535,2166360
Jonas Jerebko,6.2,0.8,0.2,0.7,0.5,4,1.2,2.7,562,113,18,5.1,2.3,0.457,1.6,0.6,0.363,1.2,0.9,0.766,3.4,1.7,0.502,0.515,2165481
Raul Neto,4.7,1.7,0.1,1,0.6,1.2,0.2,1.1,162,53,14.5,4.1,1.8,0.439,1.5,0.6,0.388,0.7,0.5,0.754,2.6,1.2,0.469,0.51,2150000
Matt Barnes,8.2,1.8,0.5,1.3,0.8,4.6,1.1,3.5,929,359,23.6,6.9,3,0.436,3.2,1.1,0.335,1.5,1.1,0.745,3.7,1.9,0.522,0.513,2133542
Terrance Ferguson,3.1,0.3,0.2,0.2,0.4,0.8,0.3,0.5,61,12,12.5,2.8,1.1,0.414,2,0.7,0.333,0.2,0.1,0.9,0.8,0.5,0.612,0.533,2118840
Omri Casspi,8,1.2,0.2,1,0.6,4.1,0.8,3.2,552,145,20.7,6.6,3,0.451,2.3,0.9,0.369,1.8,1.2,0.678,4.2,2.1,0.497,0.517,2116955
Jarrett Allen,8.2,0.7,1.2,1.1,0.4,5.4,2,3.4,72,31,20,5.5,3.3,0.589,0.2,0.1,0.333,2,1.6,0.776,5.3,3.2,0.599,0.596,2034120
Shelvin Mack,6.4,3.1,0.1,1.2,0.6,2,0.3,1.7,399,53,17.9,5.9,2.5,0.427,2,0.6,0.326,1,0.8,0.74,3.9,1.9,0.477,0.481,2029463
Isaiah Thomas,18.9,5.1,0.1,2.4,0.9,2.6,0.6,2,473,324,29.8,13.9,6.1,0.439,5.4,1.9,0.361,5.4,4.7,0.877,8.5,4.1,0.488,0.509,2029463
Spencer Hawes,8.7,1.9,1,1.4,0.4,5.7,1.4,4.2,684,368,22.7,7.8,3.6,0.457,1.5,0.5,0.35,1.4,1,0.716,6.3,3.1,0.482,0.49,2007058
Georgios Papagiannis,4.1,0.7,0.6,0.8,0.2,3.2,0.9,2.2,39,0,12.2,3.7,1.9,0.514,0.1,0,0,0.4,0.3,0.857,3.6,1.9,0.521,0.514,2000400
Torrey Craig,4.2,0.6,0.4,0.5,0.3,3.3,1,2.2,39,5,16.1,3.5,1.6,0.453,1.5,0.4,0.293,0.9,0.6,0.629,2,1.2,0.57,0.515,2000000
OG Anunoby,5.9,0.7,0.2,0.6,0.7,2.5,0.6,1.9,74,62,20,4.7,2.2,0.471,2.7,1,0.371,0.8,0.5,0.629,2,1.2,0.604,0.577,1952760
Ante Zizic,3.7,0.2,0.4,0.3,0.1,1.9,0.8,1.1,32,2,6.7,2.1,1.5,0.731,0,0,0,0.9,0.7,0.724,2.1,1.5,0.731,0.731,1952760
Shabazz Napier,5.7,1.9,0.1,1.1,0.8,1.7,0.3,1.5,233,22,15.7,4.9,1.9,0.395,2.3,0.8,0.363,1.2,1,0.802,2.6,1.1,0.422,0.479,1942422
Tyler Zeller,7,0.9,0.6,0.8,0.3,4.4,1.5,2.9,406,165,17.6,5.5,2.8,0.508,0.1,0,0.294,1.7,1.3,0.764,5.5,2.8,0.512,0.511,1933941
Anderson Varejao,7.3,1.2,0.6,0.9,0.9,7.2,2.4,4.8,627,209,24,5.6,2.9,0.51,0.1,0,0.024,2.4,1.5,0.631,5.6,2.9,0.516,0.511,1913345
Tim Duncan,19,3,2.2,2.4,0.7,10.8,2.8,8.1,1392,1389,34,14.6,7.4,0.506,0.1,0,0.179,6.1,4.2,0.696,14.5,7.4,0.509,0.507,1881250
Tyler Lydon,0,0,0,0,0,0,0,0,1,0,2,0,0,0,0,0,0,0,0,0,0,0,0,0,1874640
Larry Sanders,6.4,0.7,1.8,0.9,0.6,5.7,2,3.7,238,113,19.5,5.9,2.8,0.48,0,0,0,1.4,0.8,0.553,5.8,2.8,0.481,0.48,1865547
Henry Ellenson,3.7,0.5,0,0.6,0.1,2.1,0.3,1.8,57,2,8.3,3.7,1.3,0.362,1.7,0.5,0.316,0.6,0.5,0.784,2,0.8,0.4,0.433,1857480
Trey Burke,10.9,3.8,0.1,1.4,0.6,2.1,0.3,1.8,303,120,24.4,10.5,4.2,0.404,3.8,1.3,0.339,1.4,1.1,0.791,6.7,2.9,0.441,0.466,1795015
DeAndre Liggins,2,0.7,0.2,0.5,0.6,1.4,0.3,1.2,177,24,10.8,1.8,0.7,0.402,0.7,0.2,0.352,0.5,0.3,0.549,1.1,0.5,0.432,0.469,1795015
Malik Beasley,3.3,0.5,0.1,0.4,0.3,1,0.2,0.8,84,1,8.9,3,1.3,0.422,1.3,0.4,0.336,0.5,0.4,0.698,1.7,0.8,0.489,0.496,1773840
Nerlens Noel,9.3,1.4,1.4,1.7,1.6,7.2,2.2,5.1,223,158,26,7.4,3.8,0.512,0,0,0.25,2.7,1.7,0.624,7.4,3.8,0.513,0.512,1757429
Michael Carter-Williams,11.5,4.9,0.6,2.7,1.4,4.7,1,3.8,287,191,27.5,10.7,4.3,0.402,1.9,0.5,0.25,3.4,2.4,0.707,8.8,3.8,0.434,0.424,1757429
Caleb Swanigan,2.3,0.5,0.1,0.7,0.2,2,0.6,1.4,27,3,7,2.2,0.9,0.4,0.3,0,0.125,0.7,0.4,0.667,1.9,0.9,0.442,0.408,1740000
Furkan Korkmaz,1.6,0.3,0.1,0.1,0.1,0.8,0.1,0.6,14,0,5.7,2,0.6,0.286,1.2,0.4,0.294,0.3,0.1,0.5,0.8,0.2,0.273,0.375,1740000
Ian Clark,5.3,1.1,0.1,0.7,0.4,1.3,0.2,1.1,270,3,13.1,4.6,2.1,0.453,1.9,0.6,0.346,0.6,0.5,0.784,2.8,1.5,0.525,0.522,1709538
Caris LeVert,10.4,3.2,0.2,1.7,1,3.5,0.6,2.9,128,36,24.2,8.7,3.8,0.44,3.4,1.1,0.336,2.2,1.6,0.714,5.4,2.7,0.506,0.505,1702800
Kyle Kuzma,16.1,1.8,0.4,1.8,0.6,6.3,1.1,5.1,77,37,31.2,13.5,6.1,0.45,5.6,2.1,0.366,2.7,1.9,0.707,7.9,4,0.511,0.527,1689840
Tony Bradley,0.9,0.1,0,0,0,1.2,0.4,0.8,9,0,3.2,1.2,0.3,0.273,0.1,0,0,0.2,0.2,1,1.1,0.3,0.3,0.273,1679520
Derrick White,3.2,0.5,0.2,0.4,0.2,1.5,0.3,1.2,17,0,8.2,1.9,0.9,0.485,0.8,0.5,0.615,1.2,0.8,0.7,1.2,0.5,0.4,0.606,1667160
MarShon Brooks,8.2,1.5,0.2,1.3,0.6,2.2,0.7,1.5,171,50,17.9,7,3.1,0.447,1.5,0.5,0.359,1.8,1.4,0.757,5.5,2.6,0.471,0.486,1656092
Spencer Dinwiddie,8.9,4.5,0.3,1.3,0.7,2.6,0.4,2.2,185,77,23,7.4,2.9,0.387,3.3,1,0.315,2.7,2.1,0.798,4.1,1.8,0.446,0.458,1656092
Josh Hart,7.9,1.3,0.3,0.7,0.7,4.2,0.7,3.5,63,23,23.2,6,2.8,0.469,3.1,1.2,0.396,1.5,1,0.702,2.8,1.6,0.551,0.573,1655160
Pat Connaughton,3.7,0.8,0.2,0.5,0.2,1.6,0.4,1.2,155,6,12.6,3.3,1.4,0.421,1.7,0.6,0.364,0.4,0.3,0.845,1.6,0.8,0.482,0.515,1641000
DeAndre' Bembry,3.7,1.2,0.3,1,0.5,2,0.3,1.7,64,4,12.9,3.5,1.6,0.442,0.8,0.2,0.25,0.8,0.4,0.51,2.8,1.4,0.494,0.469,1634640
Nik Stauskas,7,1.6,0.3,1.1,0.4,2.1,0.2,1.9,267,63,21.1,6.1,2.4,0.386,3.5,1.2,0.349,1.4,1.1,0.801,2.6,1.1,0.435,0.486,1621415
James Ennis,6.4,0.9,0.3,0.8,0.6,3.2,1,2.2,220,58,20.4,4.8,2.2,0.454,2,0.7,0.359,1.6,1.3,0.811,2.8,1.5,0.521,0.528,1621415
Luke Kornet,6.7,1.3,0.8,0.6,0.3,3.2,0.6,2.7,20,1,16.3,6.3,2.5,0.392,4,1.4,0.354,0.6,0.4,0.727,2.3,1.1,0.457,0.504,1619000
Richaun Holmes,7.4,1,0.8,0.7,0.5,4.2,1.4,2.8,156,20,16.9,5.6,3.1,0.547,1,0.3,0.257,1.5,1,0.687,4.6,2.8,0.609,0.57,1600520
T.J. McConnell,6.4,5.1,0.1,1.7,1.3,3.1,0.5,2.6,238,69,22.9,5.9,2.8,0.475,0.9,0.3,0.335,0.7,0.5,0.765,5,2.5,0.5,0.5,1600520
Malachi Richardson,3.5,0.5,0,0.4,0.3,1.2,0.2,1,48,4,10.9,3.3,1.2,0.367,1.4,0.4,0.294,0.9,0.7,0.78,1.9,0.8,0.422,0.43,1569360
Kevon Looney,3.3,0.6,0.6,0.4,0.4,2.8,1.1,1.8,124,8,11.1,2.5,1.4,0.56,0.1,0,0.25,0.9,0.5,0.568,2.3,1.4,0.577,0.567,1567007
Salah Mejri,3.3,0.4,1,0.6,0.4,4,1.3,2.7,168,18,12.1,2.1,1.3,0.639,0,0,0.143,1,0.6,0.584,2.1,1.3,0.649,0.641,1567007
Pascal Siakam,6,1.3,0.6,0.7,0.6,4,1.1,3,136,43,18.7,5.2,2.6,0.506,1,0.2,0.216,0.9,0.6,0.639,4.1,2.4,0.578,0.528,1544951
Dejounte Murray,6.6,2.3,0.3,1.4,0.9,4.2,1,3.2,119,56,17.4,6.1,2.7,0.441,0.5,0.2,0.316,1.5,1.1,0.708,5.6,2.5,0.452,0.454,1544951
Skal Labissiere,8.7,1.1,0.7,1.2,0.4,4.8,1.6,3.2,93,40,19.9,7.3,3.5,0.476,0.6,0.2,0.356,2.1,1.6,0.766,6.6,3.2,0.488,0.492,1544951
Deyonta Davis,4.3,0.4,0.6,0.4,0.2,3.2,1,2.2,98,6,12.1,3.2,1.9,0.593,0,0,0,0.8,0.5,0.64,3.2,1.9,0.593,0.593,1544951
Wade Baldwin,3.6,1.7,0.2,1.1,0.5,1.4,0.3,1.1,40,1,12.1,3.4,1.3,0.368,0.7,0.2,0.259,1.2,0.9,0.787,2.7,1.1,0.394,0.393,1544951
Jake Layman,1.6,0.3,0.1,0.2,0.2,0.6,0.1,0.4,70,2,5.8,1.9,0.6,0.294,1,0.2,0.239,0.3,0.2,0.75,0.9,0.3,0.354,0.357,1544951
Timothe Luwawu-Cabarrot,6.1,1.1,0.1,0.9,0.4,1.8,0.3,1.5,121,26,16.5,5.2,2,0.39,2.6,0.9,0.323,1.5,1.2,0.834,2.6,1.2,0.46,0.472,1544951
Cheick Diallo,4.9,0.3,0.4,0.5,0.2,4.1,1,3.1,69,0,11.3,3.7,2,0.548,0,0,0,1.3,0.9,0.747,3.7,2,0.548,0.548,1544951
Malcolm Brogdon,11.3,3.8,0.2,1.5,1,3,0.6,2.4,123,48,27.8,9.3,4.3,0.469,2.9,1.1,0.395,1.7,1.5,0.872,6.4,3.2,0.503,0.531,1544951
Rodney McGruder,6.1,1.5,0.2,0.6,0.6,3,1.1,1.9,96,67,23.6,5.6,2.4,0.424,2.7,0.9,0.345,0.8,0.5,0.608,2.9,1.4,0.496,0.507,1544951
Wayne Selden,8.1,1.6,0.1,1.3,0.5,1.5,0.3,1.1,49,14,18.9,6.7,2.9,0.431,3.1,1.1,0.373,1.7,1.2,0.716,3.6,1.7,0.48,0.517,1544951
Ivica Zubac,5.5,0.7,0.6,0.7,0.3,3.5,1.1,2.4,81,11,12.6,4.4,2.3,0.519,0,0,0,1.2,0.9,0.71,4.4,2.3,0.525,0.519,1544951
Quinn Cook,8.3,2.4,0,1,0.3,1.9,0.2,1.7,47,18,19.7,6.8,3.3,0.487,2.8,1.2,0.438,0.6,0.5,0.8,4,2.1,0.521,0.577,1544951
Damian Jones,1.8,0.1,0.3,0.4,0.1,1.5,0.6,0.9,25,0,7,1.5,0.8,0.5,0,0,0,0.6,0.2,0.4,1.5,0.8,0.5,0.5,1544951
Chinanu Onuaku,3,0.7,0.2,1.2,0.5,2.3,0.5,1.8,6,1,12.3,2,1.2,0.583,0,0,0,0.7,0.7,1,2,1.2,0.583,0.583,1544951
Dorian Finney-Smith,4.6,0.9,0.3,0.6,0.6,2.9,0.8,2.2,102,48,20.5,4.5,1.7,0.374,2.5,0.7,0.295,0.7,0.6,0.75,1.9,0.9,0.48,0.458,1544951
Willy Hernangomez,6.9,1.1,0.4,1.1,0.5,5.7,1.9,3.8,120,23,15.2,5.2,2.8,0.536,0.2,0.1,0.333,1.8,1.3,0.698,5,2.7,0.545,0.543,1544951
David Stockton,3,1.5,0,0.8,0.3,0.3,0,0.3,6,0,7,1.5,0.7,0.444,0.8,0.5,0.6,1.7,1.2,0.7,0.7,0.2,0.25,0.611,1544951
Andrew Harrison,7.5,2.9,0.4,1.3,0.7,2.1,0.4,1.7,128,64,21.9,6.2,2.3,0.378,2.3,0.7,0.302,2.8,2.1,0.771,3.8,1.6,0.424,0.435,1544951
Georges Niang,0.9,0.3,0,0.3,0.2,0.8,0.2,0.7,32,0,3.9,1.5,0.4,0.277,0.5,0,0.063,0.1,0.1,0.75,1,0.4,0.387,0.287,1512601
Derrick Jones,4.4,0.4,0.5,0.4,0.3,2.3,1.2,1.1,52,16,15.2,3.3,1.7,0.511,0.6,0.1,0.207,1.3,0.9,0.692,2.8,1.6,0.572,0.529,1512601
Treveon Graham,3.7,0.7,0,0.3,0.4,1.6,0.5,1.1,90,3,13.8,2.9,1.3,0.441,1.2,0.5,0.438,0.8,0.6,0.689,1.7,0.7,0.443,0.534,1512601
Lorenzo Brown,3.1,2,0.1,0.8,0.6,1.6,0.3,1.3,77,7,12.6,3.5,1.3,0.375,1,0.2,0.154,0.5,0.3,0.684,2.5,1.1,0.466,0.397,1512601
Noah Vonleh,4.1,0.4,0.3,0.7,0.3,4.7,1.4,3.3,231,113,15.5,3.7,1.6,0.444,0.6,0.2,0.297,1,0.7,0.664,3.1,1.5,0.474,0.469,1512601
Troy Williams,6.2,0.8,0.3,1,0.9,2.6,0.7,1.9,51,17,16.9,5.4,2.4,0.449,2,0.6,0.29,1.2,0.8,0.661,3.5,1.9,0.54,0.502,1512601
Jordan Bell,4.6,1.8,1,0.9,0.6,3.6,1.1,2.6,57,13,14.2,3.2,2,0.627,0.1,0,0,0.8,0.5,0.682,3.2,2,0.641,0.627,1378252
Thomas Bryant,1.5,0.4,0.1,0.1,0.1,1.1,0.2,0.9,15,0,4.8,1.4,0.5,0.381,0.7,0.1,0.1,0.6,0.3,0.556,0.7,0.5,0.636,0.405,1378242
Frank Mason,7.9,2.8,0.2,1.3,0.7,2.5,0.6,1.9,52,2,18.9,7.3,2.8,0.379,1.7,0.6,0.36,2.2,1.8,0.817,5.7,2.2,0.384,0.42,1378242
Davon Reed,3,0.6,0.1,0.5,0.5,1.9,0.1,1.8,21,1,11.5,3.6,1,0.289,1.8,0.5,0.289,0.6,0.4,0.667,1.8,0.5,0.289,0.362,1378242
Wesley Iwundu,3.7,0.9,0.2,0.5,0.5,2.2,0.6,1.6,62,12,16.5,3.5,1.5,0.427,0.7,0.1,0.196,0.8,0.5,0.723,2.8,1.4,0.488,0.447,1378242
Khem Birch,4.2,0.8,0.5,0.5,0.4,4.3,1.7,2.6,42,0,13.8,3,1.6,0.54,0,0,0,1.5,1,0.689,3,1.6,0.54,0.54,1378242
Abdel Nader,3,0.5,0.2,0.7,0.3,1.5,0.3,1.2,48,1,10.9,3.1,1,0.336,1.4,0.5,0.354,0.8,0.5,0.59,1.8,0.6,0.321,0.413,1378242
Damyean Dotson,4.1,0.7,0,0.4,0.3,1.9,0.2,1.7,44,2,10.8,3.7,1.6,0.447,1.5,0.5,0.324,0.5,0.4,0.696,2.1,1.1,0.538,0.516,1378242
Sterling Brown,4,0.5,0.2,0.5,0.6,2.6,0.5,2.1,54,4,14.4,3.8,1.5,0.4,1.7,0.6,0.352,0.4,0.4,0.875,2.1,0.9,0.439,0.478,1378242
Dillon Brooks,11,1.6,0.2,1.5,0.9,3.1,0.6,2.5,82,74,28.7,9.4,4.1,0.44,3.2,1.1,0.356,2,1.5,0.747,6.2,3,0.484,0.501,1378242
Dakari Johnson,1.8,0.3,0.3,0.1,0.2,1.1,0.5,0.6,31,6,5.2,1.3,0.7,0.564,0,0,0,0.6,0.4,0.55,1.3,0.7,0.564,0.564,1378242
Ivan Rabb,5.6,0.9,0.4,1,0.3,4.4,1.5,2.9,36,5,14.3,4.2,2.4,0.566,0,0,0,1,0.8,0.806,4.2,2.4,0.566,0.566,1378242
Jawun Evans,4.8,2.1,0.1,0.9,0.8,1.8,0.2,1.6,48,4,16.2,5.3,1.9,0.352,1.1,0.3,0.278,1,0.8,0.776,4.1,1.5,0.372,0.381,1378242
Sindarius Thornwell,3.9,0.9,0.3,0.7,0.7,1.9,0.5,1.5,73,17,15.8,3.2,1.4,0.429,0.8,0.3,0.377,1.2,0.8,0.67,2.4,1.1,0.448,0.479,1378242
Ike Anigbogu,1.2,0,0.3,0.2,0.1,0.8,0.5,0.4,11,0,2.7,0.8,0.4,0.444,0,0,0,0.5,0.5,0.833,0.8,0.4,0.444,0.444,1378242
Maxi Kleber,5.4,0.7,0.7,0.4,0.4,3.3,1,2.3,72,36,16.8,4.3,2.1,0.489,1.8,0.6,0.313,0.8,0.6,0.746,2.5,1.5,0.613,0.553,1378242
Dwayne Bacon,3.3,0.7,0,0.4,0.3,2.3,0.1,2.3,53,6,13.5,3.6,1.4,0.375,0.8,0.2,0.256,0.5,0.4,0.8,2.8,1.2,0.409,0.404,1378242
Semi Ojeleye,2.7,0.3,0.1,0.3,0.3,2.2,0.5,1.7,73,0,15.8,2.6,0.9,0.346,1.7,0.5,0.32,0.6,0.3,0.61,0.9,0.3,0.397,0.452,1378242
Daniel Theis,5.3,0.9,0.8,0.9,0.5,4.3,1.4,2.9,63,3,14.9,3.7,2,0.541,0.9,0.3,0.31,1.3,1,0.753,2.8,1.7,0.617,0.579,1378242
Tyler Dorsey,7.2,1.4,0.1,0.7,0.3,2.3,0.3,2,56,5,17.4,6.8,2.6,0.377,3.6,1.3,0.362,1.1,0.8,0.714,3.3,1.3,0.393,0.471,1378242
Shaquille Harrison,6.6,2.4,0.3,1,1.1,2.7,0.4,2.3,23,2,16.7,5.4,2.6,0.476,1.1,0.3,0.231,1.7,1.2,0.737,4.3,2.3,0.541,0.5,1378242
Royce O'Neale,5,1.4,0.2,0.8,0.5,3.4,0.4,3.1,69,4,16.7,4.1,1.7,0.423,1.7,0.6,0.356,1.1,0.9,0.803,2.4,1.1,0.47,0.496,1378242
Zhou Qi,1.2,0.1,0.8,0.6,0.1,1.2,0.3,0.9,18,0,6.9,1.8,0.3,0.188,1.1,0.1,0.105,0.7,0.4,0.667,0.7,0.2,0.308,0.219,1378242
Antonius Cleveland,1.4,0.1,0.3,0.4,0.4,0.8,0.2,0.6,17,0,7.2,1.2,0.5,0.381,0.2,0.2,0.75,0.4,0.2,0.667,1,0.3,0.294,0.452,1378242
Kevin Martin,17.4,1.9,0.1,1.7,0.9,3.2,0.6,2.6,714,504,30.2,12.3,5.4,0.437,4.2,1.6,0.384,5.7,5,0.87,8.2,3.8,0.464,0.502,1360304
Monte Morris,3.3,2.3,0,0.3,1,0.7,0,0.7,3,0,8.3,2,1.3,0.667,0.3,0,0,0.7,0.7,1,1.7,1.3,0.8,0.667,1349383
Antonio Blakeney,7.9,1.1,0.1,0.6,0.4,1.7,0.2,1.5,19,0,16.5,7.5,2.8,0.371,2.7,0.8,0.288,2.1,1.6,0.769,4.8,2,0.418,0.423,1349383
Jabari Bird,3,0.6,0.1,0.6,0.2,1.5,0.5,1,13,1,8.8,2,1.2,0.577,0.5,0.2,0.429,1,0.5,0.462,1.5,0.9,0.632,0.635,1349383
Ryan Arcidiacono,2,1.5,0,0.5,0.5,1,0,1,24,0,12.7,1.7,0.7,0.415,1.3,0.4,0.29,0.3,0.2,0.833,0.4,0.3,0.8,0.524,1349383
Shabazz Muhammad,9,0.5,0.1,0.7,0.3,2.8,1.1,1.7,278,16,17.2,7.2,3.4,0.473,1.4,0.4,0.319,2.4,1.8,0.751,5.8,2.9,0.51,0.504,1238616
Justin Hamilton,6.1,0.8,0.6,0.6,0.5,3.6,1.2,2.4,113,21,17.4,5.1,2.4,0.464,1.9,0.6,0.309,0.9,0.7,0.798,3.2,1.8,0.56,0.523,1000000
Shelvin Mack,6.4,3.1,0.1,1.2,0.6,2,0.3,1.7,399,53,17.9,5.9,2.5,0.427,2,0.6,0.326,1,0.8,0.74,3.9,1.9,0.477,0.481,1000000
Jason Thompson,8.9,1.1,0.7,1.3,0.5,6.6,2.1,4.4,588,412,25.2,7.2,3.6,0.496,0.1,0,0.143,2.5,1.7,0.657,7.2,3.6,0.5,0.497,945126
Martell Webster,8.7,1,0.3,0.9,0.5,3.1,0.6,2.5,580,266,24,7,2.9,0.418,3.6,1.4,0.382,1.9,1.5,0.791,3.4,1.6,0.454,0.515,833333
Cole Aldrich,3.1,0.5,0.7,0.6,0.4,3.3,1,2.4,339,23,10,2.4,1.3,0.527,0,0,0,0.7,0.5,0.738,2.4,1.3,0.527,0.527,685341
Carlos Delfino,8.1,1.7,0.2,1,0.9,3.6,0.6,3,507,170,22.8,7.2,2.9,0.401,3.7,1.3,0.365,1.3,1,0.758,3.6,1.6,0.438,0.494,650000
Caron Butler,14.1,2.3,0.2,1.8,1.3,5,1.3,3.7,881,732,32.2,12,5.2,0.434,2.4,0.8,0.348,3.3,2.8,0.847,9.6,4.4,0.456,0.469,517219
A.J. Hammons,2.2,0.2,0.6,0.5,0,1.6,0.4,1.3,22,0,7.4,1.9,0.8,0.405,0.5,0.2,0.5,0.9,0.4,0.45,1.5,0.5,0.375,0.464,350088
Festus Ezeli,4.2,0.4,1,0.8,0.3,4.3,1.7,2.5,170,61,14.1,3.2,1.6,0.513,0,0,0,1.7,1,0.557,3.2,1.6,0.513,0.513,333333
C.J. Watson,7.2,2.5,0.1,1.1,0.9,1.9,0.4,1.6,600,104,20.2,6,2.5,0.419,2.1,0.8,0.373,1.7,1.4,0.812,3.9,1.7,0.444,0.484,333333
Miroslav Raduljica,3.6,0.4,0.2,0.6,0.2,2.1,1.1,1.1,53,2,9.2,2.5,1.3,0.53,0,0,0,1.1,0.9,0.825,2.5,1.3,0.53,0.53,252042
Troy Williams,6.2,0.8,0.3,1,0.9,2.6,0.7,1.9,51,17,16.9,5.4,2.4,0.449,2,0.6,0.29,1.2,0.8,0.661,3.5,1.9,0.54,0.502,122741
Demetrius Jackson,1.3,0.6,0.1,0.5,0.3,0.8,0.4,0.5,20,0,4.9,1.1,0.5,0.455,0.4,0.1,0.25,0.4,0.2,0.5,0.7,0.4,0.571,0.5,92857
